name,furigana_name,furigana_initial,prefecture_name,commentary,image,user_id
秋田実季,あきたさねすえ,あ行,,安東愛季の子。父の死後１２歳で家督相続。南部氏や小野寺氏と度々合戦に及んだが、領地を守り抜いた。関ヶ原合戦での不手際により減封処分となった。,akitaougi-b.png,1
秋月種実,あきづきたねざね,あ行,,秋月文種の子。旧領を奪回し、秋月家第１６代を継承。秀吉の九州征伐の際、島津家に荷担。敗戦後「楢柴茶入」を秀吉に献上して当家の処分を転封に抑えた。,akidukinadeshiko-b.png,1
秋元長朝,あきもとながとも,あ行,,深谷上杉家臣。小田原征伐では豊臣の大軍を相手に深谷城を守りきる。のち徳川家康に仕える。関ヶ原合戦後、上杉景勝に降伏を勧告し、受け入れさせた。,akimotoka-b.png,1
秋山信友,あきやまのぶとも,あ行,,武田家臣。主に伊那衆を統率する。徳川家康をして「武田軍の猛牛」と言わせた猛将。岩村城に篭もり、信長の侵攻軍と戦うが、捕虜となり、処刑される。  ,sankaibishi-b.png,1
明智光秀,あけちみつひで,あ行,,織田家に仕官し、重用される。１５８２年、謀叛を起こし、主君・信長を本能寺に討つ。しかし、事後調略に失敗し、逆臣として羽柴秀吉に山崎で討たれた。,mizuirokikyou-b.png,1
浅井長政,あざいながまさ,あ行,,信長の妹・市を娶り、同盟を結ぶ。しかし、古くから結んでいた朝倉家との同盟をとり、信長に敵対する。抗戦３年、市と娘を信長に託し、小谷城で自害した。,mitsumorikikkounihanabishi-b.png,1
朝倉義景,あさくらよしかげ,あ行,,朝倉家最後の当主。決断力に欠け、大局を見る目が無かった。家臣は次々と信長に投降し、最後には一族にも裏切られて自害した。  ,mitsumorimokkou-b.png,1
浅野長政,あさのながまさ,あ行,,秀吉子飼いの将。吏僚としてその手腕を発揮、豊臣政権成立後は五奉行の筆頭となる。秀吉の死後、石田三成と対立して豊臣家を退転、以後は徳川家についた。  ,chigaitakanoha-b.png,1
浅野幸長,あさのよしなが,あ行,,浅野長政の子。文武に秀で、父を上回る器量の持ち主といわれた。関ヶ原の合戦では東軍に属し、その功により紀伊和歌山城主となる。大坂冬の陣直前に病死。  ,asanotakanoha-b.png,1
足利義昭,あしかがよしあき,あ行,,室町幕府１５代将軍。信長の後援で即位したが、傀儡同然であった。信長を打倒すべく、「信長包囲網」を敷く。兵を挙げるも失敗、京都を追放された。,ashikagafutatsuhiki-b.png,1
足利義輝,あしかがよしてる,あ行,,室町幕府１３代将軍。失われた幕府の権威を取り戻すため、奔走する。新将軍擁立を企む松永久秀らに二条御所を急襲され、孤軍奮闘の末、討死した。,ashikagafutatsuhiki-b.png,1
蘆名盛氏,あしなもりうじ,あ行,,蘆名家第１６代。同盟戦略を駆使し、会津一円から北越後に及ぶ広大な版図を築く。蘆名家を伊達家と並ぶ奥州屈指の大名に育て上げた。,marunimitsuhiki-b.png,1
阿蘇惟豊,あそこれとよ,あ行,,岩尾城主。大宮司惟憲の子。惟将の父。阿蘇家の先祖は神武天皇の直系という名門である。その後継者を巡る内紛に大友家が乗じ、阿蘇家はその傘下となる。  ,chigaitakanoha-b.png,1
阿蘇惟将,あそこれまさ,あ行,,阿蘇大宮司。大友家との友好関係を保ちながら、時に応じて島津家あるいは、龍造寺家と結んだ。こうした巧みな外交によって領国を保持した。  ,chigaitakanoha-b.png,1
穴山梅雪,あなやまばいせつ,あ行,,武田家臣。一門衆の筆頭格。合戦ではおもに本陣を守った。武田家滅亡後は、徳川家康に降る。本能寺の変を知り、堺から本国へ帰る途中で何者かに討たれた。,mitsumorihanabishi-b.png,1
尼子経久,あまごつねひさ,あ行,,出雲守護代であったが、所領押領の罪で解任される。その後、浪人の身から山陰山陽１１カ国の太守にまで出世し、「下剋上の先駆者」と言われた。,hirayotsume-b.png,1
有馬豊氏,ありまとようじ,あ行,,則頼の嫡男。初め豊臣秀吉、後に徳川家康に仕える。関ヶ原合戦・大坂の陣で活躍し、大坂の陣後筑後久留米二十一万石に封ぜられる。島原の乱にも参戦した。  ,arimatomoe-b.png,1
有馬晴純,ありまはるずみ,あ行,,有馬家第１１代。周防の大内家と結んで勢力を拡大、西肥前の大半を支配下に置く。その後肥前守護に任命され、安定した支配体制を作り上げた。,gokanikarahana-b.png,1
有馬晴信,ありまはるのぶ,あ行,,肥前のキリシタン大名。島津氏と組み、沖田畷で宿敵・龍造寺隆信を討つ。動乱の時代を見事な政治手腕で乗り切ったが「岡本大八事件」により斬罪となった。  ,gokanikarahana-b.png,1
安国寺恵瓊,あんこくじえけい,あ行,,安芸守護・武田家の末裔。毛利家の外交僧として周辺列強との折衝に奔走する。関ヶ原合戦に首謀者の１人として荷担、敗北後、京の六条河原で斬首された。,takedahishi-b.png,1
井伊直政,いいなおまさ,あ行,,徳川四天王の１人。軍装を赤で統一した軍団は「井伊の赤鬼」と恐れられ、常に先鋒を争う。関ヶ原合戦で島津軍を追撃中に撃たれ、その傷が因で他界した。,hikonetachibana-b.png,1
池田恒興,いけだつねおき,あ行,,信長の乳兄弟であった関係から、つねに信長に近侍する。本能寺の変後は織田家四宿老の一人となるが、小牧・長久手の合戦に秀吉側について出陣し戦死した。  ,agehachou-b.png,1
池田輝政,いけだてるまさ,あ行,,織田信長の近習として武功多数。信長没後は豊臣家に仕えるが、関ヶ原の合戦では東軍に属した。その後、徳川政権下で播磨国姫路５３万石に封ぜられる。,agehachou-b.png,1
石川数正,いしかわかずまさ,あ行,,徳川氏家老。西三河衆を率い、外交交渉で活躍する。小牧長久手の合戦後、豊臣秀吉との和睦を主張したために他の家臣らと対立し、秀吉のもとへと出奔した。  ,ishikawarindou-b.png,1
石田三成,いしだみつなり,あ行,,羽柴秀吉の懐刀として辣腕を振るう。秀吉の死後、徳川家康と関ヶ原で戦う。人望のない三成は諸将の統制がとれずに敗北し、京都六条河原で斬首された。  ,daiichidaikichidaiman-b.png,1
伊集院忠棟,いじゅういんただむね,あ行,,島津家臣。豊臣秀吉の九州遠征軍に敗北後、その人質となる。秀吉の覚えめでたく、陪臣ながら主家と対等の待遇を受けるが、島津忠恒に謀殺された。  ,marunimitsujuuji-b.png,1
板倉勝重,いたくらかつしげ,あ行,,徳川家臣。家康の元で駿府や江戸などの町奉行を歴任。１６０１年より京都所司代に就任し、朝廷・公家・西国諸大名を監視、支配強化を推し進めた。,itakuratomoe-b.png,1
一色義幸,いっしきよしゆき,あ行,,一色義道の父。一色家は、室町幕府において「四職」の１つを務めた名家。丹後国の覇権を巡って、若狭武田家との抗争に明け暮れた。,marunouchinifutatsuhiki-b.png,1
伊東長実,いとうながざね,あ行,,豊臣家臣。日向伊東氏の遠い一族で、流浪の伊東祐兵を保護した。大坂の陣では七手組組頭として大坂城に籠もるが、敗戦後、許されて徳川家に仕えた。,itouinaduma-b.png,1
稲葉一鉄,いなばいってつ,あ行,,美濃三人衆の１人。信長の美濃侵攻軍に内応し、家臣となる。姉川合戦では浅井軍の横腹を突き、味方を勝利に導いた。頑固な性格は「一徹者」の語源になる。,oshikinisanmoji2-b.png,1
今川義元,いまがわよしもと,あ行,,「海道一の弓取り」と謳われた三河・遠江・駿河の三国の支配者。武田・北条と同盟を結び、上洛する途中、桶狭間で信長の奇襲に命を落とす。  ,imagawaakatori-b.png,1
上杉景勝,うえすぎかげかつ,あ行,,上杉謙信の養子。父は長尾政景。謙信没後、同じく養子であった景虎を滅ぼし、家督を継ぐ。関ヶ原の合戦では西軍に呼応、会津で最上・伊達連合軍と戦った。  ,uesugizasa-b.png,1
上杉謙信,うえすぎけんしん,あ行,,戦国最強と謳われた「越後の龍」。関東管領職に就くと、上杉謙信を名乗った。義心が篤く、領土欲を持たないため、版図拡大の兵は起こさなかったという。  ,uesugizasa-b.png,1
上杉憲政,うえすぎのりまさ,あ行,,北条氏康と何度となく戦い、そのたびに敗れた。北条軍に平井城を攻め落とされると越後の長尾景虎のもとに敗走し、世襲してきた関東管領職と姓を譲渡した。  ,uesugizasa-b.png,1
宇喜多直家,うきたなおいえ,あ行,,浦上宗景に仕えて勢力を拡大し、ついには主君を追放して備前一国の支配権を掌握する。その一生を、裏切りや奸計、謀略の中で過ごした稀代の謀将。  ,jinukikokumochinikomoji-b.png,1
宇喜多秀家,うきたひでいえ,あ行,,直家の嫡男。幼い頃から秀吉の寵愛を受け、五大老の１人にまで出世する。その恩義から関ヶ原合戦では西軍の主力として奮戦、戦後は八丈島へ配流となった。,kenkatabami-b.png,1
宇佐美定満,うさみさだみつ,あ行,,上杉謙信の臣。越後流軍学の祖である。謙信と長尾政景の同盟成立に一役買う。北条氏邦との戦いで戦死、または政景と舟遊び中に溺死したという。  ,mitsumoriheishi-b.png,1
宇都宮広綱,うつのみやひろつな,あ行,,宇都宮家２２代。妻の生家にあたる佐竹家の支援を受けて、下野国内の反宇都宮勢力を屈伏させる。越後の上杉家と結んで、北進する北条勢に対抗した。,migimitsutomoe-b.png,1
浦上宗景,うらがみむねかげ,あ行,,浦上村宗の子。兄・政宗と骨肉の争いを続け、また赤松・尼子の侵入を受けながらも備前での支配権を拡大。しかし、家臣の宇喜多直家によって国を追われた。  ,hiougi-b.png,1
遠藤慶隆,えんどうよしたか,あ行,,美濃国郡上城主。小牧・長久手合戦で、織田信雄への内通を疑われ、所領を減封された。のち、関ヶ原で東軍についたため、家康に旧領を復すことを許された。  ,kikkouhanabishi-b.png,1
大内義隆,おおうちよしたか,あ行,,周防・長門・豊前・筑前・石見・安芸の守護。学問・芸能に通じた文化人で、大陸との貿易も進めた。陶晴賢ら重臣の謀叛によって山口を追われ、自害した。  ,oouchihishi-b.png,1
大久保忠佐,おおくぼただすけ,あ行,,徳川家臣。忠員の次男。兄・忠世とともに各地で戦功を立てる。その剛勇ぶりは織田信長をも賞嘆させるほどであった。関ヶ原合戦後、駿河沼津２万石を領す。,ookubofuji-b.png,1
大久保忠世,おおくぼただよ,あ行,,徳川家康に独立前から従い、弟・忠佐との連係で多くの軍功をあげる。清貧剛直の士である一方、一度背いた家臣の復帰を家康に取りなす寛容さも備えていた。  ,ookubofuji-b.png,1
大久保彦左衛門,おおくぼひこざえもん,あ行,,徳川家臣。忠員の子。通称・彦左衛門。高天神城攻めで、岡部元信を討ち取る。多くの浪人を保護し、義侠の士と慕われた。晩年には「三河物語」を著した。,ookubofuji-b.png,1
大谷吉継,おおたによしつぐ,あ行,,石田三成の親友。関ヶ原合戦の際には三成を諌めたが、三成の決意が固いことを知り、味方となる。最後まで奮闘したが衆寡敵せず、自刃した。  ,mukaichou-b.png,1
太田康資,おおたやすすけ,あ行,,太田資高の子。父と共に北条家に内応したが、北条氏康の処遇に不満を持ち、里見氏に寝返った。以後は北条家と戦う。三十人力の豪傑であったと伝えられる。  ,ootakikyou-b.png,1
大友宗麟,おおともそうりん,あ行,,大友家２１代当主。義鑑の子。のち宗麟と号す。最盛期には九州６ヶ国を領したが、耳川合戦で島津軍に敗れて家臣を多数失い、以後は没落の一途をたどった。,dakihanagyouyou-b.png,1
大野治長,おおのはるなが,あ行,,豊臣家臣。片桐且元が大坂城を去ったのちは、大坂方の中心人物となる。大坂冬夏の陣では、軍議の主導権を握った。大坂落城の際に、豊臣秀頼に殉じた。  ,marunimitsuuroko-b.png,1
大野治房,おおのはるふさ,あ行,,治長の弟。豊臣秀頼に仕える。大坂の陣における主戦派の中心人物の一人。夏の陣後、秀頼の子・国松丸を擁して大坂城を脱出するが、捕らわれて斬首された。  ,marunimitsuuroko-b.png,1
大村純忠,おおむらすみただ,あ行,,有馬晴純の子。大村純前の養嗣子となり家督を継ぐ。ポルトガル貿易のため長崎を開港した。日本初のキリシタン大名であり、天正少年使節の派遣でも有名。  ,oomuraka-b.png,1
小笠原長時,おがさわらながとき,あ行,,信濃守護。合戦には強いが傲岸不遜の性格のため、武田氏との決戦・塩尻峠の戦いで家臣に裏切られ、敗北。その後は各地を転々とし、会津の地で客死した。  ,sankaibishi-b.png,1
織田信雄,おだのぶかつ,あ行,,信長の次男。伊勢国司・北畠家の養子となり、家督を継ぐ。本能寺の変後は豊臣家に従属した。小田原征伐後、徳川家康の旧領への転封を拒否し、改易された。,odaka-b.png,1
織田信忠,おだのぶただ,あ行,,織田信長の嫡男。１６歳で初陣、松永久秀討伐や甲斐平定などに軍功を上げる。信長の後継者として期待されていたが、本能寺の変の際、二条御所で自刃した。,odaka-b.png,1
織田信長,おだのぶなが,あ行,,その先見の明をもって、尾張国の小大名から覇王の座に手を掛けるまでに上り詰めた男。家臣・明智光秀の謀叛により、本能寺にて無念の横死を遂げる。  ,odaka-b.png,1
飯富虎昌,おぶとらまさ,あ行,,「甲山の猛虎」と呼ばれた武田家中随一の猛将。軍装を赤で統一した精鋭部隊を率いた。信玄の長男・義信の謀叛疑惑の罪を一身に背負い、自刃して果てた。  ,tsukinihoshi-b.png,1
柿崎景家,かきざきかげいえ,か行,,上杉謙信に「越後七郡で彼にかなう者はいない」と言わせた、上杉家中随一の猛将。小田原攻め・川中島合戦などで、上杉軍の主力として活躍した。  ,kuyou-b.png,1
葛西晴信,かさいはるのぶ,か行,,陸奥寺池城主。伊達家と結び、大崎義隆を二度破る。豊臣秀吉の小田原攻めの際に、参陣しなかった罪を問われて所領を没収された。その後、消息不明になる。  ,mitsukashiwa-b.png,1
片桐且元,かたぎりかつもと,か行,,賎ヶ岳七本槍の１人。秀頼の後見人に指名され、豊臣家存続のため奔走するが、家康への内通を淀殿に疑われて大坂城を退去した。大坂落城後、間もなく死去。,katagiritakanoha-b.png,1
片倉景綱,かたくらかげつな,か行,,智略に秀で、伊達成実と共に政宗の股肱として名を馳せた。合理的かつ冷静な判断は常に主家を第一と考えてのもので、後の伊達家安泰の礎ともいえる。  ,katakurafuji-b.png,1
加藤清正,かとうきよまさ,か行,,賎ヶ岳七本槍の１人。羽柴秀吉に仕え、数々の戦で軍功を上げた。しかし、関ヶ原合戦では、石田三成との確執から徳川方について戦った。,janome-b.png,1
加藤光泰,かとうみつやす,か行,,斎藤龍興、豊臣秀吉に仕え、浅井攻め・播磨三木城攻めで功を立てた。小田原征伐ののち甲府城主となる。文禄の役では朝鮮に渡ったが、日本への帰途で病没。  ,agarifuji-b.png,1
加藤嘉明,かとうよしあきら,か行,,賎ヶ岳七本槍の１人。生来ものに驚く事がないという沈勇の士で、焼け火箸をそれと知らずに握り、手から煙が立つのも平気で話をしたという逸話がある。,sagarifuji-b.png,1
可児才蔵,かにさいぞう,か行,,宝蔵院胤栄に槍術を学んだ豪傑。関ヶ原の合戦では、あげた首級に笹を噛ませてしゃにむに突進。１７個の首をとり、以来「笹の才蔵」の異名をとった。,marunichigaisasanoha-b.png,1
蒲生氏郷,がもううじさと,か行,,蒲生賢秀の子。信長に才を認められ、信長の娘を娶る。信長没後は羽柴秀吉に仕え、会津九十二万石を領した。文武に秀でたその器量を、秀吉は恐れたという。  ,gamoumukaiduru-b.png,1
木曽義昌,きそよしまさ,か行,,信濃木曾谷の豪族。義康の嫡男。武田信玄の娘を娶る。のち織田信長に通じ、武田家滅亡の原因を作った。本能寺の変後は徳川家康に属し、下総に転封された。,sasarindou-b.png,1
北畠具教,きたばたけとものり,か行,,伊勢国司。信長の伊勢侵攻の際には、大河内城に篭城して善戦したが、信長の次男・信雄を養子とする条件で降伏。隠居したが、信雄の刺客によって殺された。  ,sasarindou-b.png,1
吉川広家,きっかわひろいえ,か行,,元春の三男。関ヶ原では東軍勝利の陰の立役者となる。毛利宗家が断絶の危機を迎えた際、広家の外交工作で改易を免れたが、家中では裏切り者と非難された。  ,mitsuhikiryou-b.png,1
吉川元春,きっかわもとはる,か行,,毛利元就の次男で、山陰地方の攻略を担当した。参加した合戦は負け知らずである反面、陣中で「太平記」全四十巻を写本したという文武両道の武将。  ,mitsuhikiryou-b.png,1
京極高次,きょうごくたかつぐ,か行,,浅井家滅亡後に織田家に仕えるが、本能寺の変で明智方につく。妹を豊臣秀吉の側室とし、お市の方の二女・お初を娶る閨閥政略で、京極家の復興に努めた。  ,hirayotsume-b.png,1
九鬼嘉隆,くきよしたか,か行,,織田家臣。木津川口合戦で織田軍が敗退した後、鉄甲船「大安宅船」を建造して毛利水軍を粉砕する。その功で大名に出世し、「海賊大名」の異名を取った。  ,santoumigidomoe-b.png,1
黒田官兵衛,くろだかんべえ,か行,,はじめは信長に仕官するが、やがて羽柴秀吉の配下となり、中国平定軍に参陣する。野望も高く、秀吉の天下統一事業の裏には必ず彼の姿があったという。  ,kurodafuji-b.png,1
黒田長政,くろだながまさ,か行,,黒田官兵衛の嫡子。賎ヶ岳合戦や朝鮮征伐などで武功を立てた。関ヶ原合戦では東軍の勝利に大きく寄与し、その功により筑前福岡に５２万石の大封を得た。,kurodafujidomoe-b.png,1
高坂昌信,こうさかまさのぶ,か行,,武田四名臣の１人。その冷静沈着さから「逃げ弾正」の異名をとり、作戦・用兵術は武田軍随一といわれた。要衝・海津城を預かり、上杉軍に睨みをきかせた。,kuyou-b.png,1
河野通直,こうのみちなお,か行,,伊予守。長宗我部元親の侵攻を受け、その臣下となる。豊臣秀吉の四国征伐の際は長宗我部方として戦ったが、降伏。所領を没収され、河野家は滅亡した。  ,oshikiniyuresanmoji-b.png,1
後藤又兵衛,ごとうまたべえ,か行,,黒田官兵衛・長政の二代に仕える。侍大将として功をあげるが、謀叛の嫌疑を受けて浪人となる。大坂冬・夏の陣では豊臣方の大将として奮戦、戦死した。  ,sagarifuji-b.png,1
小西行長,こにしゆきなが,か行,,宇喜多家、のちに豊臣家に仕える。水軍の指揮に長け、肥後半国を領するに至った。関ヶ原では西軍に属すが敗北。キリシタンゆえ切腹を拒否し、斬首された。  ,nakayuigionmamori-b.png,1
小早川隆景,こばやかわたかかげ,か行,,毛利元就の三男で、山陽地方の攻略を担当した。本能寺の変後は豊臣秀吉に接近し、豊臣政権下で大老まで務めた。しかし、毛利宗家には忠誠を誓い続けた。  ,santoumigidomoe-b.png,1
小早川秀秋,こばやかわひであき,か行,,秀吉の正室・寧子の甥で、小早川隆景の養子となる。関ヶ原合戦の際に西軍から東軍に寝返り、東軍を勝利へ導いたが、そのわずか２年後に病死した。,santoumigidomoe-b.png,1
雑賀孫市,さいがまごいち,さ行,,紀伊の豪族。佐大夫重意の子。通称「雑賀孫市」。雑賀の鉄砲衆を率いて石山本願寺に入り、織田信長の軍を苦しめた。石山開城後は豊臣秀吉に仕えたという。,yatagarasu-b.png,1
斎藤道三,さいとうどうさん,さ行,,「蝮」の異名を取った梟雄。京都妙覚寺の僧から油売りの商人に身を転じ、ついには美濃一国の太守となった。しかし、子・義龍との戦いで敗れ、討たれた。  ,nitoutatsunami-b.png,1
斎藤朝信,さいとうとものぶ,さ行,,上杉謙信に従って越中・下野攻めなどに参戦、「越後の鐘馗」の異名を取った。謙信の死後は景勝に属した。猛将でありながら、行政手腕にも優れていた。  ,chikiri-b.png,1
酒井忠次,さかいただつぐ,さ行,,徳川氏覇業の元老。家康の教育係でもあった。家康の成人後は東三河衆を率いて各地を転戦、数々の軍功をあげる。その器量は豊臣秀吉にも称賛された。  ,katabami-b.png,1
榊原康政,さかきばらやすまさ,さ行,,徳川四天王の１人。「無」の旗を掲げて戦場を疾駆した。関ヶ原合戦後、長年の功により老中に任命されるが、「老臣権を争うは亡国の兆し」と辞退した。,sakakibaragenjiguruma-b.png,1
相良義陽,さがらよしひ,さ行,,父・晴広の死後、祖父・上村頼興の後見で弱冠１２歳で家督を継ぐ。二度の家中争乱を乗り切って、島津軍と戦ったが、１５８１年、同家に屈する。,kenumebachi-b.png,1
佐竹義重,さたけよししげ,さ行,,父・義昭の遺志を継ぎ、常陸全土の統一を果たした。南の北条・北の伊達を敵に回し、自ら陣頭に立って采配を振るう姿は、「鬼義重」と恐れられた。  ,hinomaruougi-b.png,1
佐竹義宣,さたけよしのぶ,さ行,,「鬼義重」と呼ばれた父の薫陶を受けて育ち、家康に「今の世に稀な律儀者」と評された。関ヶ原合戦では過去の恩義から西軍に属し、戦後秋田へ移封となる。  ,hinomaruougi-b.png,1
佐々成政,さっさなりまさ,さ行,,信長の黒母衣衆として活躍。本能寺の変後は、羽柴秀吉に最後まで抵抗するも降伏、肥後に移封となる。その後、国人一揆が発生し、責任をとって自刃した。  ,nanatsuwarisumitateyotsume-b.png,1
里見義堯,さとみよしたか,さ行,,房総の戦国大名。父・実堯を殺した従兄弟・義豊を討ち、当主となる。国府台合戦では北条氏康に敗れたが、その後も房総に勢力を広げ、北条家と戦い続けた。,marunifutatsuhiki-b.png,1
里見義弘,さとみよしひろ,さ行,,義尭の長男。太田資正らと結んで国府台で北条氏康と戦ったが、敗北を喫した。しかし、御船山合戦では勝利をおさめ、父の死後に北条家と和睦した。  ,marunifutatsuhiki-b.png,1
真田信之,さなだのぶゆき,さ行,,昌幸の長男。徳川家臣・本多忠勝の娘を娶った縁から、関ヶ原合戦では父や弟と別れて東軍に属す。その後も徳川家に忠節を尽くし、真田家の存続に尽力した。,sanadarokumonsen-b.png,1
真田昌幸,さなだまさゆき,さ行,,秀吉をして「表裏比興の者」と言わしめた戦国稀代の謀将。攻め寄せる徳川の大軍を二度も見事に撃退。その智略には家康さえも恐怖した。  ,sanadarokumonsen-b.png,1
真田幸隆,さなだゆきたか,さ行,,真田家の始祖。智謀は武田信玄より勝ったといわれ、信玄が二度も失敗した信州戸石城を、謀略で落城させる。以降は信玄の軍師的存在として活躍した。  ,sanadarokumonsen-b.png,1
真田幸村,さなだゆきむら,さ行,,昌幸の次男。蟄居先の紀伊九度山から大坂城に入り、大坂の陣で寡兵ながらも徳川の大軍を相手に奮戦した。その戦いぶりは「真田日本一の兵」と称賛された。,sanadarokumonsen-b.png,1
柴田勝家,しばたかついえ,さ行,,「瓶割り柴田」の異名を取った織田家中随一の猛将。本能寺の変後、主導権をめぐって羽柴秀吉と争い、賎ヶ岳で対戦。敗北し、越前北ノ庄で自害した。  ,futatsukarikane-b.png,1
斯波義統,しばよしむね,さ行,,尾張守護。三管領の一つに数えられた斯波家も義統の頃には力を失っていた。守護代・織田信友の織田信長暗殺計画を信長に知らせたため信友に殺された。  ,marunifutatsuhiki-b.png,1
島左近,しまさこん,さ行,,筒井家臣。のち浪人し、石田三成に高禄で召し抱えられる。「三成に過ぎたるもの」と謳われた名将。関ヶ原合戦で縦横無尽の活躍をし、壮絶な戦死を遂げた。,mitsubakashiwa-b.png,1
島津家久,しまづいえひさ,さ行,,島津貴久の四男。沖田畷合戦でわずか三千の兵で六万の龍造寺軍を破った。秀吉の九州征伐軍に降伏、豊臣秀長と会見。その直後に急死した。毒殺ともいう。  ,shimadujuuji-b.png,1
島津貴久,しまづたかひさ,さ行,,庶流・伊作島津家からの養子縁組で１６代当主を世襲。本家筋の実久を１５３９年に破り、一族を掌握した。海外交易にも目を向けた「島津家中興の祖」。,shimadujuuji-b.png,1
島津忠恒,しまづただつね,さ行,,島津家第１８代当主。江戸時代における薩摩藩の藩祖でもある。学問を重んじ、自らも多くの学問を修めた。海国・薩摩の城下・港湾を整備した功績も大きい。,marunijuumonji-b.png,1
島津歳久,しまづとしひさ,さ行,,島津貴久の三男。豊臣秀吉の九州征伐軍に最後まで抵抗した。梅北国兼が秀吉に謀叛を起こした際、歳久の家臣が多く荷担したため、自害させられた。  ,shimadujuuji-b.png,1
島津義久,しまづよしひさ,さ行,,有能な弟たちや勇猛な家臣団を率い、九州統一を果たすべく邁進する。達成目前にして、羽柴秀吉の九州征伐を受ける。降伏し、島津家の命脈を守る。  ,marunijuumonji-b.png,1
島津義弘,しまづよしひろ,さ行,,島津家を九州統一に導いた猛将。大友・龍造寺家を粉砕し、「鬼島津」の武名を明国まで鳴り響かせた。関ヶ原での敵中突破など、その武功は数知れない。  ,marunijuumonji-b.png,1
清水宗治,しみずむねはる,さ行,,毛利家臣。対織田家の最前線である備中高松城を任された。豊臣秀吉の「水攻め」では落城寸前まで追い込まれ、宗治は城兵の助命と引き替えに自刃をする。  ,mitsumorisantoumigidomoe-b.png,1
神保長職,じんぼうながもと,さ行,,越中富山城主。上杉謙信の攻撃を受け、増山城に逃れる。のちに謙信に降り、一向一揆勢と戦う。しかし、実質上の家中の主導権は、小島職鎮に奪われた。  ,marunitatefutatsuhiki-b.png,1
陶晴賢,すえはるかた,さ行,,大内家筆頭家老。「西国無双の侍大将」と評された。文弱な主君・義隆を自刃させ、主家を傀儡化する。しかし、毛利元就の謀略にあい、厳島で敗死した。  ,karahanabishi-b.png,1
鈴木重朝,すずきしげとも,さ行,,紀州・雑賀衆の出身。重朝率いる鉄砲隊は、種子島銃を改良した「雑賀銃」を操る精鋭であった。豊臣秀吉に仕え、朝鮮や関ヶ原を転戦した。  ,yatagarasu-b.png,1
諏訪頼重,すわよりしげ,さ行,,信州諏訪大社大祝。義兄・武田信玄と対立し、戦いに及んだが敗北。甲斐に幽閉され、自刃させられた。文武両道の武将であったと伝わる。  ,suwakajinoha-b.png,1
仙石秀久,せんごくひでひさ,さ行,,豊臣家臣。戸次川合戦に総大将として出陣したが大敗、謹慎処分を受ける。小田原征伐では、甲胄に鈴をつけて奮戦し、その功により信濃小諸城主となった。  ,eirakusen-b.png,1
相馬義胤,そうまよしたね,さ行,,相馬家第１６代。伊達家との争いに終始した。関ヶ原の合戦で西軍に属したため戦後所領を没収されかけたが、伊達政宗の取りなしで本領を安堵された。,soumatsunagiuma-b.png,1
十河一存,そごうかずなが,さ行,,三好長慶の弟。讃岐十河家を継ぐ。讃岐衆を統率して畿内を席巻し、世に「鬼十河」と恐れられた猛将。有馬権現に参詣途上、落馬したけがにより死亡した。  ,kugyounihiougi-b.png,1
大道寺政繁,だいどうじまさしげ,た行,,北条家譜代の家に生まれ、内政に手腕を発揮した。小田原合戦では前田利家軍の攻撃を受け、降伏。忍城攻めに協力したが、戦後、豊臣秀吉に切腹させられた。  ,maruniagehachou-b.png,1
高橋紹運,たかはししょううん,た行,,子・宗茂の養父である立花道雪と共に、衰退しつつある大友家を支える。島津義久が大軍で攻めてきた際には、岩屋城で島津の兵を道連れに玉砕した。  ,dakihanagyouyou-b.png,1
高山右近,たかやまうこん,た行,,織田家臣。高槻城主。友照の子。父と同じくキリスト教に入信する。各地の合戦で活躍するが、後に改宗を拒否したため改易され、幕府の命で呂宋へ追放された。,shichiyou-b.png,1
滝川一益,たきがわかずます,た行,,信長麾下の猛将として転戦し、武田家攻めでは抜群の軍功をあげる。しかし、本能寺の変後、北条軍に大敗して清洲会議に参加できず、失意のうちに病死する。  ,marunitatemokkou-b.png,1
武田勝頼,たけだかつより,た行,,武田信玄の四男。兄・義信の死去によって、家督を継ぐ。長篠の合戦で、織田・徳川連合軍に敗れる。１５８２年、侵攻してきた織田軍に追いつめられ、自害。,takedahishi-b.png,1
武田信玄,たけだしんげん,た行,,甲斐守護。信虎の嫡男。父の苛烈な政策に反対して父を追放、当主となる。精強な騎馬軍団を率い、臨機応変の知略で織田信長を苦しめた。通称「甲斐の虎」。,takedahishi-b.png,1
武田信繁,たけだのぶしげ,た行,,武田信玄の弟。文武に優れ、家中の人望高く、兄の副将として活躍。川中島の合戦で自らの死と引き換えに信玄を守り、「まことの武将」と高く評価された。  ,takedahishi-b.png,1
竹中半兵衛,たけなかはんべえ,た行,,羽柴秀吉の軍師。名城稲葉山を、わずか十数人で乗っ取った。その智謀に惚れ込んだ秀吉が、「三顧の礼」をもって軍師に迎えたという。  ,kyuumaizasa-b.png,1
立花道雪,たちばなどうせつ,た行,,大友家を支えた名将。若い頃に落雷に遭い、歩行不能となる。しかし、合戦では輿に乗って常に先陣を切ったため、家臣たちは「雷神の化身」と畏れ敬った。  ,dakihanagyouyou-b.png,1
立花宗茂,たちばなむねしげ,た行,,大友家の名将高橋紹運を実父に、立花道雪を養父に持つ。清廉な人柄は多くの人の共感を呼んだ。西軍に荷担した関ヶ原合戦以後も徳川家などに厚遇された。  ,yanagawamamori-b.png,1
伊達成実,だてしげざね,た行,,政宗の従兄弟。伊達家中随一の猛将で、政宗の信頼は厚かった。各地で軍功をあげ、政宗の奥州制覇に貢献する。政宗の活躍を『伊達日記』に著した。  ,sendaizasa-b.png,1
伊達政宗,だてまさむね,た行,,異名を「独眼竜」。苛烈な転戦で畠山・佐竹・蘆名を凌駕し、２４歳にして奥州に覇を唱えた。権謀術数に長け、豊・徳両政権下で、広大な所領を守り抜いた。,sendaizasa-b.png,1
長宗我部信親,ちょうそかべのぶちか,た行,,元親の嫡男。知勇兼備の将で、父や家臣から大きな期待を寄せられた。豊後戸次川合戦で戦死した。元親は信親の死に落胆し、切腹しようとしたという。  ,maruninanatsukatabami-b.png,1
長宗我部元親,ちょうそかべもとちか,た行,,父・国親の死後に家督を相続し、宿敵・本山氏らを葬って土佐を統一。その後も破竹の快進撃を続け、わずか１０年で四国の統一に成功した「土佐の出来人」。,maruninanatsukatabami-b.png,1
長宗我部盛親,ちょうそかべもりちか,た行,,長宗我部元親の四男。関ヶ原合戦で西軍に与したため、家督継承後１年で改易。大坂城に入城し、夏の陣で藤堂高虎軍を破るなど活躍したが、戦後刑死した。,maruninanatsukatabami-b.png,1
津軽為信,つがるためのぶ,た行,,南部家の傘下にあったが、最上家と結ぶと独立、津軽郡代・石川高信を討った。以後、１７年かけて南部勢力を津軽地方から駆逐し、津軽統一を果たした。,tsugarubotan-b.png,1
土屋昌恒,つちやまさつね,た行,,土屋昌次の弟。武田家終焉の地・天目山において主君・勝頼を守って奮戦したが衆寡敵せず戦死した。その戦いぶりは、のちに「片手千人斬り」といわれた。  ,kuyou-b.png,1
筒井順慶,つついじゅんけい,た行,,父の死によって、わずか２歳で家督を継いだ。大和に勢力を伸ばす松永久秀と争い、居城・筒井城を追われる。その後、信長に臣従して大和一国を安堵された。,umebachi-b.png,1
土井利勝,どいとしかつ,た行,,水野信元の子。徳川家康の落胤という説もある。徳川秀忠・家光に仕えて老中・大老などを歴任、江戸幕府の基盤安定に多大な功績を残した。  ,mutsumizuguruma-b.png,1
藤堂高虎,とうどうたかとら,た行,,浅井家を皮切りに、家康まで７人も主君を変えた武将。しかし、才知と先見力のなせる業か、次第に禄を増やし、最後は伊勢国安濃津３２万石の大封を得た。,toudoutsuta-b.png,1
遠山友政,とおやまともまさ,た行,,美濃の豪族。苗木城主。友忠の子。金山城主・森長可と争って居城を出奔し、徳川家康を頼る。関ヶ原合戦では東軍に属して河尻秀長を破り、居城を奪還した。,marunifutatsuhiki-b.png,1
土岐頼芸,ときよりあき,た行,,美濃守護。長井規秀（斎藤道三）の後援で兄・政頼を追放して家督を継ぐ。しかし、国盗りに燃える道三により、今度は頼芸自身が追放され、各国を流浪した。  ,tokikikyou-b.png,1
徳川家康,とくがわいえやす,た行,,今川義元の人質として幼少期を過ごす。義元の死後に独立し、徳川家康を名乗った。信長との同盟で力を蓄え、ついには征夷大将軍となって江戸幕府を開く。  ,tokugawaaoi-b.png,1
徳川秀忠,とくがわひでただ,た行,,徳川家康の三男。剛毅な性格の兄たちに似ず、凡庸篤実な人柄であった。しかしその性格を父に見込まれ、兄の秀康を差し置いて徳川幕府２代将軍となった。,tokugawaaoi-b.png,1
戸沢盛安,とざわもりやす,た行,,戸沢家第１８代。武勇に優れ、初陣の乱戦の中、敵将を一刀両断にし、「鬼九郎」の異名をとる。敵の負傷者を殺さず送り届ける情け深い一面も持っていた。,marunikuyou-b.png,1
豊臣秀次,とよとみひでつぐ,た行,,豊臣家臣。豊臣秀吉の義兄・三好吉房の子。秀吉から関白職を譲られるが、のちに「殺生関白」と呼ばれるほどの乱行を振るまい、謀叛の罪で自害させられた。,taikoukiri-b.png,1
豊臣秀吉,とよとみひでよし,た行,,戦国一の出世頭。織田信長に仕え、傑出した人望と知略を武器に活躍し、頭角を現す。本能寺の変後、明智光秀、柴田勝家らを次々と倒し、天下に覇を唱えた。,taikoukiri-b.png,1
豊臣秀頼,とよとみひでより,た行,,豊臣秀吉の子で、母は淀殿。秀吉の死後天下動乱の中心になる。自らの意志を持てなかったことが、悲劇の原因か、大坂夏の陣で母と共に自刃した。  ,goshichikiri-b.png,1
鳥居元忠,とりいもとただ,た行,,徳川家の臣。関ヶ原合戦の際は家康の命により伏見城に篭城し、１３日間の攻防戦の末、元忠以下全員玉砕した。その忠節は「三河武士の鑑」と称賛された。,toriisasa-b.png,1
内藤信成,ないとうのぶなり,な行,,徳川家臣。三方ヶ原の合戦では殿軍を率い、長篠の合戦では先陣として活躍するなど多くの戦功を立てた。後に近江長浜で四万石の大名となった。  ,naitoufuji-b.png,1
内藤昌豊,ないとうまさとよ,な行,,武田四名臣の１人。武田信繁亡き後の信玄の副将格と目され、関東方面の軍事・政略を任された。長篠の合戦に従軍、他の老臣たちと共に戦死した。,marunihanabishi-b.png,1
内藤政長,ないとうまさなが,な行,,徳川家臣。家長の長男。小牧長久手合戦で初陣。父が伏見城で戦死すると後を継ぐ。関ヶ原合戦では上杉景勝に備え、大坂夏の陣では江戸城留守居を務めた。,naitoufuji-b.png,1
直江景綱,なおえかげつな,な行,,初名は実綱。上杉謙信の側近として、内政・外交に腕を振るった。謙信の信頼が厚く、謙信の旧名・景虎から「景」の一字を拝領して景綱と改名した。  ,kikkouhanabishi-b.png,1
直江兼続,なおえかねつぐ,な行,,上杉景勝の近侍から家老となり、政事に辣腕を振るう。清廉潔白で知られ、関ヶ原の合戦後も、主犯格ながら兼続は徳川家康に抹殺されなかった。  ,mitsumorikikkounihanabishi-b.png,1
永井直勝,ながいなおかつ,な行,,徳川家臣。家康の長男・信康に仕えたが信康が自刃させられたために一時出奔。のちに再仕官して小牧長久手の戦いでは池田恒興を討ち取る大功を挙げている。,nagaikaranashi-b.png,1
中川清秀,なかがわきよひで,な行,,織田家臣。荒木村重の配下だったが、村重の謀叛を機に袂を分かつ。山崎の戦いで活躍。賎ヶ岳合戦で、前線の砦を守備中に佐久間盛政に攻撃され、戦死した。  ,nakagawakashiwa-b.png,1
長野業正,ながのなりまさ,な行,,山内上杉家の臣。主家滅亡後も居城・箕輪城に残り、６度の武田信玄の侵攻を撃退した智将。信玄は「業正がいる限り上州には手は出せぬ」と嘆いたという。,hiougi-b.png,1
鍋島直茂,なべしまなおしげ,な行,,龍造寺家の重臣。智謀・勇猛・博識をもって主君・隆信を支えた名将。しかし、隆信の死後は主家を断絶させ、徳川政権下で名実共に佐賀藩を手中にした。  ,nabeshimagyouyou-b.png,1
浪岡具運,なみおかともかず,な行,,南北朝時代、南朝方、北畠顕家の後裔。祖父の代より京都に使者を送って、官位を得たという。一族の北畠具信に殺された。  ,sasarindou-b.png,1
南部信直,なんぶのぶなお,な行,,北信愛の支持を受け、南部家２６代当主となる。一族の九戸政実の乱や諸豪族の一揆に苦しめられながらも、秀吉に接近し、領内統一を進めた。,nanbutsuru-b.png,1
南部晴政,なんぶはるまさ,な行,,南部家２４代。上洛した際に将軍・足利義晴の偏諱を賜り、晴政と名乗る。三戸城を中心に、「三日月の丸くなるまで南部領」といわれる広大な版図を築いた。,nanbutsuru-b.png,1
新納忠元,にいろただもと,な行,,島津家の一族・新納家の出身で、義久の側近。「鬼武蔵」の異名を持つ猛将である一方、「二才咄格式定目」を定めて郷中教育の基礎を作った文武両道の人。  ,marunikagijuuji-b.png,1
丹羽長秀,にわながひで,な行,,実直な、信長股肱の臣。本能寺の変後は羽柴秀吉に同調したが、織田家を我が物にせんとする秀吉を恨み、病床で割腹。遺書と腫瘍を秀吉に送りつけたという。  ,niwasujikai-b.png,1
畠山義総,はたけやまよしふさ,は行,,能登守護。七尾城を築く。能登では義総の治世下三十年間に渡って政治的安定が続き、教養人・義総をたよって、多くの公家が戦乱の京から逃れてきた。  ,marunouchinifutatsuhiki-b.png,1
波多野秀治,はたのひではる,は行,,丹波に覇を唱えた豪族。居城・八上城を三好家から奪還する。信長の命で明智光秀の軍が攻めてくると、篭城する。抗戦むなしく、捕らえられて処刑された。  ,maruninukejuuji-b.png,1
蜂須賀家政,はちすかいえまさ,は行,,豊臣家臣。小六正勝の子。秀吉に従って各地を転戦し、阿波一国を与えられる。関ヶ原合戦には出陣せず、子の至鎮を東軍に送って本領を安堵された。  ,marunimanji-b.png,1
蜂須賀小六,はちすかころく,は行,,豊臣家臣。墨俣一夜城の築城に協力し、以後、秀吉の参謀として民政・調略に手腕を発揮。四国征伐後、長宗我部家への抑えとして阿波徳島１８万石を領した。,marunimanji-b.png,1
蜂須賀至鎮,はちすかよししげ,は行,,家政の嫡男。幼少の頃より豊臣秀吉に仕えた。関ヶ原合戦では東軍に属した。戦後、家督を相続、阿波徳島藩初代藩主となる。大坂の陣でも戦功を立てた。  ,marunimanji-b.png,1
馬場信春,ばばのぶはる,は行,,武田家臣。武田四名臣の１人。多くの合戦に参加し一度も負傷せず「不死身の鬼美濃」と呼ばれた。長篠合戦の際に殿軍として主君・勝頼の逃亡を助け、戦死。,hanabishi-b.png,1
一柳直盛,ひとつやなぎなおもり,は行,,豊臣家臣。小田原攻めで戦死した兄・直末の後を継ぐ。関ヶ原合戦では東軍につき、功を立てる。大坂の両陣にも参戦した。後に伊予西条に加増転封となった。  ,marunikuginuki-b.png,1
福島正則,ふくしままさのり,は行,,賎ヶ岳七本槍筆頭。武勇に優れ、各地の合戦で活躍する。関ヶ原合戦の軍功により安芸広島４９万石を得たが、幕府の陰謀にかかって改易された。,fukushimaomodaka-b.png,1
別所長治,べっしょながはる,は行,,播磨三木城主。豊臣秀吉の中国攻めに抗戦。約２年の篭城の末、城兵助命のために自決。「今はただ恨みもあらじ諸人の命に代るわが身と思へば」が辞世の句。,hidarimitsutomoe-b.png,1
北条氏綱,ほうじょううじつな,は行,,後北条家２代。「北条」の姓を使い始めたのは氏綱といわれる。扇谷上杉家との戦いや、里見家との第一次国府台合戦に勝つなど、着実に関東に地盤を築いた。,houjouuroko-b.png,1
北条氏直,ほうじょううじなお,は行,,後北条家最後の当主。豊臣秀吉の上洛命令を無視したため、秀吉軍の攻撃を受ける。小田原開城後に自刃を申し入れたが拒否され、高野山に蟄居、同地で病死。  ,houjouuroko-b.png,1
北条氏政,ほうじょううじまさ,は行,,後北条家第４代。上杉謙信・武田信玄らを相手に一歩も退かず、着実に関東に勢力を拡大した。豊臣秀吉の小田原征伐軍に城を包囲され降伏、戦後自刃した。,houjouuroko-b.png,1
北条氏康,ほうじょううじやす,は行,,後北条家第３代当主。戦場では敵に決して背を見せぬ勇猛として知られる。政事では農政・経済・治安すべてに辣腕を振るう民政家でもあった。,houjouuroko-b.png,1
北条早雲,ほうじょうそううん,は行,,今川家臣。小鹿範満の乱を平定し、発言力を持つ。堀越公方や扇谷上杉家臣・三浦家らを滅ぼして伊豆・相模を領国化した。「戦乱の梟雄」として名高い人物。,houjoumukaichou2-b.png,1
保科正直,ほしなまさなお,は行,,保科正俊の子。武田家に仕え、信濃飯田方面の守備に当たる。武田家が滅亡すると、徳川家康に仕えて二万五千石を領した。信州上田城攻めにも従軍している。  ,kakukuyou-b.png,1
細川忠興,ほそかわただおき,は行,,藤孝の嫡男。明智光秀の娘・玉子（ガラシア）を娶り、溺愛した。本能寺の変では妻を幽閉し、自らは剃髪して信長への弔意を示す。茶人・歌人として有名。  ,kuyou-b.png,1
細川藤孝,ほそかわふじたか,は行,,足利義輝・義昭と将軍家に仕え、のち信長の家臣となる。信長の死後は、豊臣・徳川と的確な主替えで、その家筋を保った。和歌に秀でた文化人でもある。  ,matsukasabishi-b.png,1
堀田正吉,ほったまさよし,は行,,徳川家臣。もとは信長に仕えたが、その後、浅野長政、小早川隆景、小早川秀秋に仕え、秀秋死後、徳川幕府の幕臣となった。妻が春日局の義理の娘。,hottamokkou-b.png,1
本願寺顕如,ほんがんじけんにょ,は行,,本願寺１１世法主。領国の完全支配を図る戦国大名に抵抗し、日本各地で一向宗門徒を蜂起させた。特に信長は「仏敵」として、徹底的に抵抗し続けた。,kujoufuji-b.png,1
本庄繁長,ほんじょうしげなが,は行,,上杉家臣。謙信に従って、川中島合戦や関東攻略で功を立てた。武田家に内通したために謙信に攻められ、浪人となる。後に帰参し、各地で活躍した。  ,goshichikiri-b.png,1
本多忠勝,ほんだただかつ,は行,,「家康に過ぎたるもの」と謳われたほどの武勇の士で、徳川家四天王の１人。名槍「蜻蛉切」を手に５０回あまり戦い、傷の１つも負わなかったという。,hondatachiaoi-b.png,1
本多正信,ほんだまさのぶ,は行,,徳川家康の謀臣。三河一向一揆で一揆勢に加担。諸国を放浪ののち家康に帰参する。行政と謀略に優れた手並を見せた。家康は正信を「友」と呼んだという。  ,marunitachiaoi-b.png,1
前田慶次,まえだけいじ,ま行,,前田利久の養子。出自は滝川家という。戦国一の傾奇者。槍を使えば天下無双、風雅の道にも造詣が深かった。上杉景勝の将・直江兼続の下、会津遠征に参加。  ,kagaumebachi-b.png,1
前田利家,まえだとしいえ,ま行,,信長に仕え、数々の戦で軍功をあげた。羽柴秀吉の親友で、信長の死後は秀吉に仕える。１５９８年、五大老の１人となるも、翌年、大坂で病死する。,kagaumebachi-b.png,1
松永久秀,まつながひさひで,ま行,,主家・三好氏の実権を掌握する。信長の上洛軍に降るが、将軍・義昭が信長包囲網を敷くと荷担する。信長に信貴山城を攻略され、名器「平蜘蛛」と共に爆死。  ,tsuta-b.png,1
松前慶広,まつまえよしひろ,ま行,,蛎崎季広の子。豊臣秀吉に接近し、蝦夷の支配権を獲得する。松前の姓は、松平家（家康）と前田家（利家）から取るなど、世渡りの巧さは一級品。  ,marunitakedabishi-b.png,1
松浦鎮信,まつらしげのぶ,ま行,,肥前平戸城主。隆信の子。秀吉から朱印状を受けて海外通商を行う。スペイン船寄港への尽力、オランダ・イギリス商館の設立など、平戸貿易隆盛に貢献した。  ,matsuuraboshi-b.png,1
水野勝成,みずのかつなり,ま行,,徳川家臣。遠江高天神城攻めなど多くの合戦に従軍した。一時は豊臣秀吉などにに仕えたが、後に帰参し、備中福山十万石を領す。島原の乱にも参陣した。  ,mizunoomodaka-b.png,1
溝口秀勝,みぞぐちひでかつ,ま行,,加賀大聖寺城主、のち越後新発田藩主となる。豊臣秀吉に仕え、朝鮮出兵では名護屋城の普請と警護にあたる。関ヶ原の合戦では東軍に属し所領を安堵された。  ,mizoguchibishi-b.png,1
三好長慶,みよしちょうけい,ま行,,管領・細川晴元の執事となり、勢力を拡大。やがて、晴元を追放して幕府の実権を掌握する。しかし、弟や子の死によって心身に異常をきたし、病死した。  ,sankaibishi-b.png,1
村上武吉,むらかみたけよし,ま行,,能島村上水軍の頭領。厳島合戦において毛利軍の勝利に大きく貢献する。以後は毛利家に仕え、木津川口合戦で織田水軍に大勝するなど各地で勇名を馳せた。,uemoji-b.png,1
村上義清,むらかみよしきよ,ま行,,北信濃一帯に覇を唱えた猛将。武田信玄の攻撃を二度とも撃ち破り、勇名を轟かす。しかし、真田幸隆の計略に敗れて信濃を逐われ、越後の長尾景虎を頼った。  ,uemoji-b.png,1
毛利輝元,もうりてるもと,ま行,,元就の嫡孫。お人好しであったという。その性格が災いしてか、関ヶ原合戦では西軍の総大将にされたあげく、敗北。戦後、かろうじて防長二国を安堵された。  ,nagatomitsuboshi-b.png,1
毛利元就,もうりもとなり,ま行,,瀬戸内の謀将。調略によって西国の旧権力や列強を下し、安芸国の一土豪から中国十カ国の太守にまで成り上がった。三人の子に説いた「三矢の訓」は有名。  ,nagatomitsuboshi-b.png,1
最上義光,もがみよしあき,ま行,,出羽の驍将。稀代の策謀家で、父に隠居を強制したうえ、弟を殺して当主となった。その後も政略結婚や邪魔者を抹殺するなどして、最上家の安定を図った。  ,marunifutatsuhiki-b.png,1
森長可,もりながよし,ま行,,森可成の嫡男。「鬼武蔵」と呼ばれた。信長に仕え、長島一向一揆鎮圧などで功を立てる。信長の没後は豊臣秀吉に従って、小牧長久手の合戦で戦死した。  ,moritsurunomaru-b.png,1
森可成,もりよしなり,ま行,,早くから織田信長に仕え、清洲城奪回や桶狭間の合戦などで武功を上げた。近江宇佐山城を守備中に浅井・朝倉連合軍に攻められ、戦死した。  ,moritsurunomaru-b.png,1
森蘭丸,もりらんまる,ま行,,可成の三男で、信長の近臣。利発な少年であり、信長との間に数々の逸話を残している。将来を嘱望されたが、本能寺で信長に殉死。美童の名だけが残った。  ,moritsurunomaru-b.png,1
柳生宗矩,やぎゅうむねのり,や行,,新陰流の剣術家。父・石舟斎宗厳と共に徳川家康に仕え、秀忠・家光の兵法師範を務める。家光の信任厚く、大目付となり、ついで一万石の大名に列せられた。  ,yagyuugasa-b.png,1
山県昌景,やまがたまさかげ,や行,,武田四名臣の１人。昌景が率いる「赤備え」は、武田軍随一の精強軍団である。三方ヶ原の合戦では徳川軍を撃退した。長篠の合戦で銃撃を受け、戦死した。,kikyou-b.png,1
山口重政,やまぐちしげまさ,や行,,徳川家臣。はじめ織田家臣・佐久間信栄に仕える。信栄失脚後は織田信雄に仕え信雄改易後、家康の招きを受けた。しかし、のちに家康の勘気を受け蟄居した。,oouchihishi-b.png,1
山中鹿介,やまなかしかのすけ,や行,,尼子家の忠臣で、「我に七難八苦を…」と願ったというその一生は、尼子家再興に捧げられた。何度も兵を挙げるが失敗し、再興の夢はかなわぬまま死亡した。  ,tachibana-b.png,1
山名祐豊,やまなすけとよ,や行,,但馬守護。山名家の総領として活躍、因幡を支配下に置く。信長の侵攻軍に降った後、毛利家の侵攻にも降ったために再び信長の攻撃を受け、降伏した。  ,yamanakiri-b.png,1
山名豊国,やまなとよくに,や行,,因幡守護。尼子家、毛利家と次々に乗り換え、最後は豊臣秀吉の山陰侵攻軍に降る。秀吉の御咄衆として仕えたが、関ヶ原合戦後は家康の御咄衆となった。  ,yamanakiri-b.png,1
山内一豊,やまのうちかずとよ,や行,,はじめ信長に仕え、妻の「内助の功」もあって出世を遂げた。のち秀吉に仕え、遠江国掛川を領す。関ヶ原の合戦で東軍に属し、その功により土佐一国を得た。  ,tosakashiwa-b.png,1
山本勘助,やまもとかんすけ,や行,,武田信玄の軍師。天文学から兵法まで文武百般に通じた。川中島の合戦では「きつつきの戦法」を考案したが失敗。その責を負って乱軍に突入し、戦死した。  ,santoumigidomoe-b.png,1
遊佐続光,ゆさつぐみつ,や行,,畠山家臣。温井総貞との抗争に敗れて主家を離れたが、総貞の死後に帰参する。上杉・織田に従い、能登の実権奪取を図るが、信長に殺害された。  ,rokkanimutsukarabana-b.png,1
龍造寺隆信,りゅうぞうじたかのぶ,ら行,,曾祖父以来の宿敵・少弐氏を倒した後、大友氏の衰退に乗じて九州の五国二島を領有、「肥前の熊」の異名を取る。沖田畷合戦で島津軍の奇襲を受け戦死した。  ,kawarijuunihiashi-b.png,1
分部光嘉,わけべみつよし,わ行,,本姓細野家。分部家の養子となる。信長の北伊勢侵攻に際しては、抗戦を主張する兄に対して和議を説き、長野家に信長の弟・信包を嗣子として迎え入れた。  ,marunouchinimitsuhiki-b.png,1
渡辺守綱,わたなべもりつな,わ行,,徳川家臣。初陣より各地を転戦、「槍の半蔵」の異名を取る。関ヶ原合戦の際は旗本として参陣。尾張徳川家の家老となり、当主の義直を補佐した。  ,watanabeboshi-b.png,1